{"0": {"louvain": {"modularity": 0.4568097071230463, "n_communities": 14, "clustering_coefficient": 0.5082445417696639, "density": 0.5581386169839714, "conductance": 0.6339416473325888, "community_clustering_coefficient": 0.4566314060270639}, "palla": {"modularity": 0.008340817803746748, "n_communities": 3, "clustering_coefficient": 0.5082445417696639, "density": 0.6818043684710352, "conductance": 6.46061619963753, "community_clustering_coefficient": 0.8347708782324639}, "node2vec": {"()8,10)": {"modularity": 0.0026211274661914257, "n_communities": 14, "clustering_coefficient": 0.5082445417696639, "density": 0.05758741256493075, "conductance": 46.36452064774682, "community_clustering_coefficient": 0.0806761384047313}, "()8,30)": {"modularity": 0.0010119991597010193, "n_communities": 14, "clustering_coefficient": 0.5082445417696639, "density": 0.17482489499296222, "conductance": 24.600729479047796, "community_clustering_coefficient": 0.08359863168613257}, "()8,50)": {"modularity": 0.0022510933578089873, "n_communities": 14, "clustering_coefficient": 0.5082445417696639, "density": 0.02751171708017286, "conductance": 41.43285255072222, "community_clustering_coefficient": 0.0851086955004292}, "()32,10)": {"modularity": -0.0019333021399412962, "n_communities": 14, "clustering_coefficient": 0.5082445417696639, "density": 0.061043467992826686, "conductance": 37.61429966550104, "community_clustering_coefficient": 0.10616231143430836}, "()32,30)": {"modularity": -0.007304706540731129, "n_communities": 14, "clustering_coefficient": 0.5082445417696639, "density": 0.0747569089116071, "conductance": 38.32316406711568, "community_clustering_coefficient": 0.07892217307016927}, "()32,50)": {"modularity": -0.013779279067022344, "n_communities": 14, "clustering_coefficient": 0.5082445417696639, "density": 0.046363672170123785, "conductance": 30.93931810819566, "community_clustering_coefficient": 0.13247716895329728}, "()64,10)": {"modularity": -0.006618693562115703, "n_communities": 14, "clustering_coefficient": 0.5082445417696639, "density": 0.035364054550705584, "conductance": 27.484824543634875, "community_clustering_coefficient": 0.10339902833004279}, "()64,30)": {"modularity": -0.009254477404831712, "n_communities": 14, "clustering_coefficient": 0.5082445417696639, "density": 0.030204345061385435, "conductance": 57.4424768908063, "community_clustering_coefficient": 0.07805706757159644}, "()64,50)": {"modularity": -0.0002820958492353687, "n_communities": 14, "clustering_coefficient": 0.5082445417696639, "density": 0.02529526741779037, "conductance": 32.032509452125225, "community_clustering_coefficient": 0.08924909931536008}}}, "107": {"louvain": {"modularity": 0.5397314526585528, "n_communities": 8, "clustering_coefficient": 0.5264047980773336, "density": 0.40740795068559293, "conductance": 0.40722436686230773, "community_clustering_coefficient": 0.6793416828448857}, "node2vec": {"()8,10)": {"modularity": -0.0006610433961542736, "n_communities": 8, "clustering_coefficient": 0.5264047980773336, "density": 0.08191614741352728, "conductance": 27.14737626218543, "community_clustering_coefficient": 0.37784545443191214}, "()8,30)": {"modularity": 0.004744543388350714, "n_communities": 8, "clustering_coefficient": 0.5264047980773336, "density": 0.03940991380942757, "conductance": 20.014097530044808, "community_clustering_coefficient": 0.2994436833686279}, "()8,50)": {"modularity": 0.009661863778566239, "n_communities": 8, "clustering_coefficient": 0.5264047980773336, "density": 0.06025497952313359, "conductance": 33.272315946923754, "community_clustering_coefficient": 0.3399461033244373}, "()32,10)": {"modularity": 0.005134435758132395, "n_communities": 8, "clustering_coefficient": 0.5264047980773336, "density": 0.04690812680755574, "conductance": 22.94706109197275, "community_clustering_coefficient": 0.36275666745833646}, "()32,30)": {"modularity": 0.011967458813281937, "n_communities": 8, "clustering_coefficient": 0.5264047980773336, "density": 0.0462816751169752, "conductance": 33.28041406977208, "community_clustering_coefficient": 0.3341911959047188}, "()32,50)": {"modularity": 0.008478212701058653, "n_communities": 8, "clustering_coefficient": 0.5264047980773336, "density": 0.051505890772613076, "conductance": 31.688028862551832, "community_clustering_coefficient": 0.30503782255852047}, "()64,10)": {"modularity": 0.0032086032415964277, "n_communities": 8, "clustering_coefficient": 0.5264047980773336, "density": 0.04922096500695146, "conductance": 24.35428406938285, "community_clustering_coefficient": 0.34377980103157485}, "()64,30)": {"modularity": 0.007434628345087693, "n_communities": 8, "clustering_coefficient": 0.5264047980773336, "density": 0.046822922211851734, "conductance": 28.89524913527054, "community_clustering_coefficient": 0.3037563850271802}, "()64,50)": {"modularity": 0.005474385359968352, "n_communities": 8, "clustering_coefficient": 0.5264047980773336, "density": 0.038869569504557534, "conductance": 26.34531939778509, "community_clustering_coefficient": 0.3011875724175002}}}, "1912": {"louvain": {"modularity": 0.5288397930949854, "n_communities": 6, "clustering_coefficient": 0.635404645118039, "density": 0.4519948059168369, "conductance": 0.14871405834051118, "community_clustering_coefficient": 0.5665406663480782}, "node2vec": {"()8,10)": {"modularity": -0.00145988029681063, "n_communities": 6, "clustering_coefficient": 0.635404645118039, "density": 0.13244441288590458, "conductance": 94.6995133724533, "community_clustering_coefficient": 0.38554655356865575}, "()8,30)": {"modularity": 0.004596246952130526, "n_communities": 6, "clustering_coefficient": 0.635404645118039, "density": 0.09148801912288702, "conductance": 22.12583536324597, "community_clustering_coefficient": 0.46310179690803627}, "()8,50)": {"modularity": 0.00296410887125008, "n_communities": 6, "clustering_coefficient": 0.635404645118039, "density": 0.07932269461021606, "conductance": 18.032341697493372, "community_clustering_coefficient": 0.3761850470373493}, "()32,10)": {"modularity": 0.0005119924348360835, "n_communities": 6, "clustering_coefficient": 0.635404645118039, "density": 0.09250819329704708, "conductance": 31.637651235595452, "community_clustering_coefficient": 0.4409011279743181}, "()32,30)": {"modularity": 0.004817780908360451, "n_communities": 6, "clustering_coefficient": 0.635404645118039, "density": 0.09106900122805245, "conductance": 24.527947464755943, "community_clustering_coefficient": 0.4624615873349713}, "()32,50)": {"modularity": 0.004257238313062725, "n_communities": 6, "clustering_coefficient": 0.635404645118039, "density": 0.1329321435872506, "conductance": 73.29324031250907, "community_clustering_coefficient": 0.3741606576238363}, "()64,10)": {"modularity": 0.0025107802892538273, "n_communities": 6, "clustering_coefficient": 0.635404645118039, "density": 0.09726625186309336, "conductance": 20.723244021627995, "community_clustering_coefficient": 0.4758164331942343}, "()64,30)": {"modularity": -0.001491298466931159, "n_communities": 6, "clustering_coefficient": 0.635404645118039, "density": 0.08217159149028692, "conductance": 41.055685869218095, "community_clustering_coefficient": 0.40358994621024413}, "()64,50)": {"modularity": 0.007704538197075585, "n_communities": 6, "clustering_coefficient": 0.635404645118039, "density": 0.08424960694666887, "conductance": 15.762679847995722, "community_clustering_coefficient": 0.4053749966281585}}}}